source_row,view_rate,view_rate_bin,hashtags,transaction,hashtag_count
3,1.0778688524590163,high_view_rate,hashtag=loft,hashtag=loft|high_view_rate,1
17,0.07293457943925234,low_view_rate,hashtag=ramallah|hashtag=streetstyle|hashtag=fashiongram|hashtag=streetshot,hashtag=ramallah|hashtag=streetstyle|hashtag=fashiongram|hashtag=streetshot|low_view_rate,4
19,0.029333333333333333,low_view_rate,hashtag=毓賳賵丕賳_丕賱賲丨賱,hashtag=毓賳賵丕賳_丕賱賲丨賱|low_view_rate,1
20,0.013939393939393939,low_view_rate,hashtag=new_colliction|hashtag=賮丕卮賳_卮賵亘_睾賷乇_賴丕賷_丕賱爻賳丞|hashtag=毓賳賵丕賳_丕賱賲丨賱,hashtag=new_colliction|hashtag=賮丕卮賳_卮賵亘_睾賷乇_賴丕賷_丕賱爻賳丞|hashtag=毓賳賵丕賳_丕賱賲丨賱|low_view_rate,3
21,0.019636363636363636,low_view_rate,hashtag=new_colliction|hashtag=賮丕卮賳_卮賵亘_睾賷乇_賴丕賷_丕賱爻賳丞|hashtag=毓賳賵丕賳_丕賱賲丨賱,hashtag=new_colliction|hashtag=賮丕卮賳_卮賵亘_睾賷乇_賴丕賷_丕賱爻賳丞|hashtag=毓賳賵丕賳_丕賱賲丨賱|low_view_rate,3
22,0.0076363636363636364,low_view_rate,hashtag=new_colliction|hashtag=賮丕卮賳_卮賵亘_睾賷乇_賴丕賷_丕賱爻賳丞|hashtag=毓賳賵丕賳_丕賱賲丨賱,hashtag=new_colliction|hashtag=賮丕卮賳_卮賵亘_睾賷乇_賴丕賷_丕賱爻賳丞|hashtag=毓賳賵丕賳_丕賱賲丨賱|low_view_rate,3
23,0.01187878787878788,low_view_rate,hashtag=new_colliction|hashtag=賮丕卮賳_卮賵亘_睾賷乇_賴丕賷_丕賱爻賳丞|hashtag=毓賳賵丕賳_丕賱賲丨賱,hashtag=new_colliction|hashtag=賮丕卮賳_卮賵亘_睾賷乇_賴丕賷_丕賱爻賳丞|hashtag=毓賳賵丕賳_丕賱賲丨賱|low_view_rate,3
24,0.01406060606060606,low_view_rate,hashtag=new_colliction|hashtag=賮丕卮賳_卮賵亘_睾賷乇_賴丕賷_丕賱爻賳丞|hashtag=毓賳賵丕賳_丕賱賲丨賱,hashtag=new_colliction|hashtag=賮丕卮賳_卮賵亘_睾賷乇_賴丕賷_丕賱爻賳丞|hashtag=毓賳賵丕賳_丕賱賲丨賱|low_view_rate,3
25,0.012545454545454545,low_view_rate,hashtag=new_colliction|hashtag=賮丕卮賳_卮賵亘_睾賷乇_賴丕賷_丕賱爻賳丞|hashtag=毓賳賵丕賳_丕賱賲丨賱,hashtag=new_colliction|hashtag=賮丕卮賳_卮賵亘_睾賷乇_賴丕賷_丕賱爻賳丞|hashtag=毓賳賵丕賳_丕賱賲丨賱|low_view_rate,3
26,0.009515151515151515,low_view_rate,hashtag=new_colliction|hashtag=賮丕卮賳_卮賵亘_睾賷乇_賴丕賷_丕賱爻賳丞|hashtag=毓賳賵丕賳_丕賱賲丨賱,hashtag=new_colliction|hashtag=賮丕卮賳_卮賵亘_睾賷乇_賴丕賷_丕賱爻賳丞|hashtag=毓賳賵丕賳_丕賱賲丨賱|low_view_rate,3
37,1.7179902755267422,high_view_rate,hashtag=kotonkids|hashtag=kotonesarp|hashtag=love|hashtag=adore|hashtag=trend|hashtag=music|hashtag=custome|hashtag=clothes|hashtag=shopping|hashtag=happy|hashtag=happybirthday|hashtag=happylife|hashtag=beuty|hashtag=fashion|hashtag=fashionblogger|hashtag=fashionstyle|hashtag=hi|hashtag=bye,hashtag=kotonkids|hashtag=kotonesarp|hashtag=love|hashtag=adore|hashtag=trend|hashtag=music|hashtag=custome|hashtag=clothes|hashtag=shopping|hashtag=happy|hashtag=happybirthday|hashtag=happylife|hashtag=beuty|hashtag=fashion|hashtag=fashionblogger|hashtag=fashionstyle|hashtag=hi|hashtag=bye|high_view_rate,18
39,0.039448946515397085,low_view_rate,hashtag=賰賵鬲賵賳|hashtag=賰賵賱賰卮賳_丕賱乇亘賷毓|hashtag=爻鬲丕賷賱|hashtag=賲賵囟丞,hashtag=賰賵鬲賵賳|hashtag=賰賵賱賰卮賳_丕賱乇亘賷毓|hashtag=爻鬲丕賷賱|hashtag=賲賵囟丞|low_view_rate,4
40,0.04554294975688817,low_view_rate,hashtag=賰賵鬲賵賳|hashtag=賰賵賱賰卮賳_丕賱乇亘賷毓|hashtag=爻鬲丕賷賱|hashtag=賲賵囟丞|hashtag=賳賷賵_賰賵賱賰卮賳,hashtag=賰賵鬲賵賳|hashtag=賰賵賱賰卮賳_丕賱乇亘賷毓|hashtag=爻鬲丕賷賱|hashtag=賲賵囟丞|hashtag=賳賷賵_賰賵賱賰卮賳|low_view_rate,5
41,0.04309562398703404,low_view_rate,hashtag=乇丕賲_丕賱賱賴|hashtag=outfitoftheday|hashtag=賰賵鬲賵賳|hashtag=koton,hashtag=乇丕賲_丕賱賱賴|hashtag=outfitoftheday|hashtag=賰賵鬲賵賳|hashtag=koton|low_view_rate,4
42,0.02128038897893031,low_view_rate,hashtag=fashion|hashtag=grwmoutfit|hashtag=賰賵鬲賵賳|hashtag=koton,hashtag=fashion|hashtag=grwmoutfit|hashtag=賰賵鬲賵賳|hashtag=koton|low_view_rate,4
43,0.020486223662884925,low_view_rate,hashtag=fashion|hashtag=ootd|hashtag=賰賵鬲賵賳|hashtag=koton,hashtag=fashion|hashtag=ootd|hashtag=賰賵鬲賵賳|hashtag=koton|low_view_rate,4
44,5.545617173524151,high_view_rate,hashtag=賳丕亘賱爻|hashtag=乇丕賲_丕賱賱賴|hashtag=噩賳賷賳|hashtag=ramallah|hashtag=nablus|hashtag=jenin|hashtag=newman|hashtag=newlady|hashtag=geox,hashtag=賳丕亘賱爻|hashtag=乇丕賲_丕賱賱賴|hashtag=噩賳賷賳|hashtag=ramallah|hashtag=nablus|hashtag=jenin|hashtag=newman|hashtag=newlady|hashtag=geox|high_view_rate,9
45,0.18246869409660108,avg_view_rate,hashtag=賳丕亘賱爻|hashtag=乇丕賲_丕賱賱賴|hashtag=卮賵亘賷丿賷|hashtag=nablus|hashtag=newlady|hashtag=mikkawiss2026|hashtag=newcollection,hashtag=賳丕亘賱爻|hashtag=乇丕賲_丕賱賱賴|hashtag=卮賵亘賷丿賷|hashtag=nablus|hashtag=newlady|hashtag=mikkawiss2026|hashtag=newcollection|avg_view_rate,7
46,0.1172093023255814,avg_view_rate,hashtag=賳丕亘賱爻|hashtag=乇丕賲_丕賱賱賴|hashtag=卮賵亘賷丿賷|hashtag=marella|hashtag=ramallah|hashtag=nablus|hashtag=newlady|hashtag=mikkawiss2026|hashtag=newcollection,hashtag=賳丕亘賱爻|hashtag=乇丕賲_丕賱賱賴|hashtag=卮賵亘賷丿賷|hashtag=marella|hashtag=ramallah|hashtag=nablus|hashtag=newlady|hashtag=mikkawiss2026|hashtag=newcollection|avg_view_rate,9
47,0.26654740608228983,avg_view_rate,hashtag=賳丕亘賱爻|hashtag=乇丕賲_丕賱賱賴|hashtag=噩賳賷賳|hashtag=卮賵亘賲丕賳|hashtag=nablus|hashtag=jenin|hashtag=newman|hashtag=mikkawiss2026|hashtag=newcollection|hashtag=bugatti,hashtag=賳丕亘賱爻|hashtag=乇丕賲_丕賱賱賴|hashtag=噩賳賷賳|hashtag=卮賵亘賲丕賳|hashtag=nablus|hashtag=jenin|hashtag=newman|hashtag=mikkawiss2026|hashtag=newcollection|hashtag=bugatti|avg_view_rate,10
48,1.1019677996422181,high_view_rate,hashtag=賳丕亘賱爻|hashtag=乇丕賲_丕賱賱賴|hashtag=噩賳賷賳|hashtag=卮賵亘賲丕賳|hashtag=nablus|hashtag=jenin|hashtag=newman|hashtag=diporto|hashtag=mikkawiss2026|hashtag=newcollection,hashtag=賳丕亘賱爻|hashtag=乇丕賲_丕賱賱賴|hashtag=噩賳賷賳|hashtag=卮賵亘賲丕賳|hashtag=nablus|hashtag=jenin|hashtag=newman|hashtag=diporto|hashtag=mikkawiss2026|hashtag=newcollection|high_view_rate,10
49,1.0876565295169947,high_view_rate,hashtag=賳丕亘賱爻|hashtag=乇丕賲_丕賱賱賴|hashtag=卮賵亘賷丿賷|hashtag=nablus|hashtag=newlady|hashtag=marella|hashtag=mikkawiss2026|hashtag=newcollection,hashtag=賳丕亘賱爻|hashtag=乇丕賲_丕賱賱賴|hashtag=卮賵亘賷丿賷|hashtag=nablus|hashtag=newlady|hashtag=marella|hashtag=mikkawiss2026|hashtag=newcollection|high_view_rate,8
50,0.17205724508050088,avg_view_rate,hashtag=賳丕亘賱爻|hashtag=乇丕賲_丕賱賱賴|hashtag=噩賳賷賳|hashtag=卮賵亘賲丕賳|hashtag=nablus|hashtag=jenin|hashtag=newman|hashtag=diporto|hashtag=mikkawiss2026|hashtag=newcollection,hashtag=賳丕亘賱爻|hashtag=乇丕賲_丕賱賱賴|hashtag=噩賳賷賳|hashtag=卮賵亘賲丕賳|hashtag=nablus|hashtag=jenin|hashtag=newman|hashtag=diporto|hashtag=mikkawiss2026|hashtag=newcollection|avg_view_rate,10
53,3.4324324324324325,high_view_rate,hashtag=ramallah|hashtag=fashion|hashtag=clothingbrand|hashtag=stylingtips|hashtag=fashioninspo|hashtag=euromoda|hashtag=palestine,hashtag=ramallah|hashtag=fashion|hashtag=clothingbrand|hashtag=stylingtips|hashtag=fashioninspo|hashtag=euromoda|hashtag=palestine|high_view_rate,7
54,0.48864864864864865,avg_view_rate,hashtag=fashiontrends|hashtag=fashioninspo|hashtag=ramallah|hashtag=palestine|hashtag=fashion|hashtag=clothingbrand,hashtag=fashiontrends|hashtag=fashioninspo|hashtag=ramallah|hashtag=palestine|hashtag=fashion|hashtag=clothingbrand|avg_view_rate,6
55,3.0405405405405403,high_view_rate,hashtag=ramallah|hashtag=fashion|hashtag=clothingstore|hashtag=trendyclothes|hashtag=fallfashion,hashtag=ramallah|hashtag=fashion|hashtag=clothingstore|hashtag=trendyclothes|hashtag=fallfashion|high_view_rate,5
56,0.1541891891891892,avg_view_rate,hashtag=euromodapalestine|hashtag=linen|hashtag=ramallah|hashtag=dress,hashtag=euromodapalestine|hashtag=linen|hashtag=ramallah|hashtag=dress|avg_view_rate,4
75,0.04814285714285714,low_view_rate,hashtag=爻毓乇丕賱毓乇囟|hashtag=賲鬲賵賮乇_鬲賵氐賷賱_賱噩賲賷毓_賲賳丕胤賯_丕賱囟賮丞_丕賱賯丿爻_賵丕賱丿丕禺賱,hashtag=爻毓乇丕賱毓乇囟|hashtag=賲鬲賵賮乇_鬲賵氐賷賱_賱噩賲賷毓_賲賳丕胤賯_丕賱囟賮丞_丕賱賯丿爻_賵丕賱丿丕禺賱|low_view_rate,2
76,0.039285714285714285,low_view_rate,hashtag=賲鬲賵賮乇_鬲賵氐賷賱_賱噩賲賷毓_賲賳丕胤賯_丕賱囟賮丞_丕賱賯丿爻_賵丕賱丿丕禺賱,hashtag=賲鬲賵賮乇_鬲賵氐賷賱_賱噩賲賷毓_賲賳丕胤賯_丕賱囟賮丞_丕賱賯丿爻_賵丕賱丿丕禺賱|low_view_rate,1
77,0.061642857142857145,low_view_rate,hashtag=鬲兀賱賯賷_爻賷丿鬲賷|hashtag=賲鬲賵賮乇_鬲賵氐賷賱_賱噩賲賷毓_賲賳丕胤賯_丕賱囟賮丞_丕賱賯丿爻_賵丕賱丿丕禺賱|hashtag=size_s_m_l_xl,hashtag=鬲兀賱賯賷_爻賷丿鬲賷|hashtag=賲鬲賵賮乇_鬲賵氐賷賱_賱噩賲賷毓_賲賳丕胤賯_丕賱囟賮丞_丕賱賯丿爻_賵丕賱丿丕禺賱|hashtag=size_s_m_l_xl|low_view_rate,3
78,0.03957142857142857,low_view_rate,hashtag=爻毓乇_丕賱毓乇囟50卮賷賰賱|hashtag=賲鬲賵賮乇_鬲賵氐賷賱_賱噩賲賷毓_賲賳丕胤賯_丕賱囟賮丞_丕賱賯丿爻_賵丕賱丿丕禺賱,hashtag=爻毓乇_丕賱毓乇囟50卮賷賰賱|hashtag=賲鬲賵賮乇_鬲賵氐賷賱_賱噩賲賷毓_賲賳丕胤賯_丕賱囟賮丞_丕賱賯丿爻_賵丕賱丿丕禺賱|low_view_rate,2
79,0.05307142857142857,low_view_rate,hashtag=爻毓乇_丕賱毓乇囟50卮賷賰賱|hashtag=賲鬲賵賮乇_鬲賵氐賷賱_賱噩賲賷毓_賲賳丕胤賯_丕賱囟賮丞_丕賱賯丿爻_賵丕賱丿丕禺賱|hashtag=size_m_l_xl_xxl,hashtag=爻毓乇_丕賱毓乇囟50卮賷賰賱|hashtag=賲鬲賵賮乇_鬲賵氐賷賱_賱噩賲賷毓_賲賳丕胤賯_丕賱囟賮丞_丕賱賯丿爻_賵丕賱丿丕禺賱|hashtag=size_m_l_xl_xxl|low_view_rate,3
80,0.0585,low_view_rate,hashtag=sizes_s_m_l_xl|hashtag=禺丿賲丞_丕賱鬲賵氐賷賱_賲鬲賵賮乇丞_賱賰賱_丕賱禺丕乇胤丞,hashtag=sizes_s_m_l_xl|hashtag=禺丿賲丞_丕賱鬲賵氐賷賱_賲鬲賵賮乇丞_賱賰賱_丕賱禺丕乇胤丞|low_view_rate,2
81,0.045,low_view_rate,hashtag=size_s_m_l_xl|hashtag=lujain_fashion|hashtag=賲鬲賵賮乇_鬲賵氐賷賱_賱噩賲賷毓_賲賳丕胤賯_丕賱囟賮丞_丕賱賯丿爻_賵丕賱丿丕禺賱,hashtag=size_s_m_l_xl|hashtag=lujain_fashion|hashtag=賲鬲賵賮乇_鬲賵氐賷賱_賱噩賲賷毓_賲賳丕胤賯_丕賱囟賮丞_丕賱賯丿爻_賵丕賱丿丕禺賱|low_view_rate,3
82,0.05757142857142857,low_view_rate,hashtag=size_s_m_l_xl|hashtag=賲鬲賵賮乇_鬲賵氐賷賱_賱噩賲賷毓_賲賳丕胤賯_丕賱囟賮丞_丕賱賯丿爻_賵丕賱丿丕禺賱,hashtag=size_s_m_l_xl|hashtag=賲鬲賵賮乇_鬲賵氐賷賱_賱噩賲賷毓_賲賳丕胤賯_丕賱囟賮丞_丕賱賯丿爻_賵丕賱丿丕禺賱|low_view_rate,2
83,0.04528571428571428,low_view_rate,hashtag=size_s_m_l_xl|hashtag=賲鬲賵賮乇_鬲賵氐賷賱_賱噩賲賷毓_賲賳丕胤賯_丕賱囟賮丞_丕賱賯丿爻_賵丕賱丿丕禺賱,hashtag=size_s_m_l_xl|hashtag=賲鬲賵賮乇_鬲賵氐賷賱_賱噩賲賷毓_賲賳丕胤賯_丕賱囟賮丞_丕賱賯丿爻_賵丕賱丿丕禺賱|low_view_rate,2
84,0.037142857142857144,low_view_rate,hashtag=爻毓乇_丕賱毓乇囟50卮賷賰賱,hashtag=爻毓乇_丕賱毓乇囟50卮賷賰賱|low_view_rate,1
85,0.05914285714285714,low_view_rate,hashtag=賲鬲賵賮乇_鬲賵氐賷賱_賱噩賲賷毓_賲賳丕胤賯_丕賱囟賮丞_丕賱賯丿爻_賵丕賱丿丕禺賱,hashtag=賲鬲賵賮乇_鬲賵氐賷賱_賱噩賲賷毓_賲賳丕胤賯_丕賱囟賮丞_丕賱賯丿爻_賵丕賱丿丕禺賱|low_view_rate,1
99,0.13336186770428016,avg_view_rate,hashtag=hijjawifashion|hashtag=new|hashtag=black|hashtag=white|hashtag=explore,hashtag=hijjawifashion|hashtag=new|hashtag=black|hashtag=white|hashtag=explore|avg_view_rate,5
105,0.13617898832684824,avg_view_rate,hashtag=hijjawifashion|hashtag=like|hashtag=newcollection|hashtag=available|hashtag=explore,hashtag=hijjawifashion|hashtag=like|hashtag=newcollection|hashtag=available|hashtag=explore|avg_view_rate,5
193,0.09320754716981132,avg_view_rate,hashtag=bellakids|hashtag=毓賷丿_丕賱兀囟丨賶|hashtag=賲賱丕亘爻_毓賷丿,hashtag=bellakids|hashtag=毓賷丿_丕賱兀囟丨賶|hashtag=賲賱丕亘爻_毓賷丿|avg_view_rate,3
194,0.08150943396226415,low_view_rate,hashtag=bellakids,hashtag=bellakids|low_view_rate,1
197,0.32075471698113206,avg_view_rate,hashtag=bellakids,hashtag=bellakids|avg_view_rate,1
198,0.06377358490566037,low_view_rate,hashtag=bellakids,hashtag=bellakids|low_view_rate,1
199,0.12283018867924528,avg_view_rate,hashtag=賲賱丕亘爻_毓賷丿|hashtag=丕胤賮丕賱_賮丕卮賳|hashtag=賲賱丕亘爻_丕胤賮丕賱,hashtag=賲賱丕亘爻_毓賷丿|hashtag=丕胤賮丕賱_賮丕卮賳|hashtag=賲賱丕亘爻_丕胤賮丕賱|avg_view_rate,3
201,0.12283018867924528,avg_view_rate,hashtag=bellakids|hashtag=丕胤賮丕賱_賮丕卮賳|hashtag=賲賱丕亘爻_毓賷丿,hashtag=bellakids|hashtag=丕胤賮丕賱_賮丕卮賳|hashtag=賲賱丕亘爻_毓賷丿|avg_view_rate,3
203,0.12283018867924528,avg_view_rate,hashtag=賲賱丕亘爻_毓賷丿|hashtag=bellakids,hashtag=賲賱丕亘爻_毓賷丿|hashtag=bellakids|avg_view_rate,2
210,0.029583333333333333,low_view_rate,hashtag=亘鬲賱丨賲鉂わ笍馃嚨馃嚫|hashtag=丕賱賯丿爻_丕賱禺賱賷賱|hashtag=丕賱馗丕賴乇賷丞|hashtag=爻禺賳賷賳_丕賲_丕賱賮丨賲_丨賷賮丕_毓賰丕_丕賱賳丕氐乇丞_毓乇丕亘丞|hashtag=丿賵乇丕|hashtag=賷丕賮丕|hashtag=丕賱賳丕氐乇丞,hashtag=亘鬲賱丨賲鉂わ笍馃嚨馃嚫|hashtag=丕賱賯丿爻_丕賱禺賱賷賱|hashtag=丕賱馗丕賴乇賷丞|hashtag=爻禺賳賷賳_丕賲_丕賱賮丨賲_丨賷賮丕_毓賰丕_丕賱賳丕氐乇丞_毓乇丕亘丞|hashtag=丿賵乇丕|hashtag=賷丕賮丕|hashtag=丕賱賳丕氐乇丞|low_view_rate,7
226,0.12622222222222224,avg_view_rate,hashtag=乇丕賲_丕賱賱賴|hashtag=賲賱丕亘爻|hashtag=毓賷丿|hashtag=毓乇囟,hashtag=乇丕賲_丕賱賱賴|hashtag=賲賱丕亘爻|hashtag=毓賷丿|hashtag=毓乇囟|avg_view_rate,4
227,0.12622222222222224,avg_view_rate,hashtag=賮爻鬲丕賳|hashtag=丕賲賷乇丞|hashtag=乇丕賲_丕賱賱賴|hashtag=毓乇囟,hashtag=賮爻鬲丕賳|hashtag=丕賲賷乇丞|hashtag=乇丕賲_丕賱賱賴|hashtag=毓乇囟|avg_view_rate,4
228,0.3111111111111111,avg_view_rate,hashtag=乇丕賲_丕賱賱賴|hashtag=賲賱丕亘爻|hashtag=毓賷丿|hashtag=毓乇囟,hashtag=乇丕賲_丕賱賱賴|hashtag=賲賱丕亘爻|hashtag=毓賷丿|hashtag=毓乇囟|avg_view_rate,4
229,0.11066666666666666,avg_view_rate,hashtag=賮爻鬲丕賳|hashtag=丕賲賷乇丞|hashtag=乇丕賲_丕賱賱賴|hashtag=毓乇囟,hashtag=賮爻鬲丕賳|hashtag=丕賲賷乇丞|hashtag=乇丕賲_丕賱賱賴|hashtag=毓乇囟|avg_view_rate,4
230,0.14755555555555555,avg_view_rate,hashtag=胤賯賲|hashtag=乇丕賲_丕賱賱賴|hashtag=賲賱丕亘爻,hashtag=胤賯賲|hashtag=乇丕賲_丕賱賱賴|hashtag=賲賱丕亘爻|avg_view_rate,3
231,0.11777777777777777,avg_view_rate,hashtag=賮爻鬲丕賳|hashtag=乇丕賲_丕賱賱賴|hashtag=賲賱丕亘爻,hashtag=賮爻鬲丕賳|hashtag=乇丕賲_丕賱賱賴|hashtag=賲賱丕亘爻|avg_view_rate,3
232,0.118,avg_view_rate,hashtag=賮爻鬲丕賳|hashtag=乇丕賲_丕賱賱賴|hashtag=賲賱丕亘爻|hashtag=毓乇囟,hashtag=賮爻鬲丕賳|hashtag=乇丕賲_丕賱賱賴|hashtag=賲賱丕亘爻|hashtag=毓乇囟|avg_view_rate,4
233,0.13466666666666666,avg_view_rate,hashtag=胤賯賲|hashtag=乇丕賲_丕賱賱賴|hashtag=賲賱丕亘爻,hashtag=胤賯賲|hashtag=乇丕賲_丕賱賱賴|hashtag=賲賱丕亘爻|avg_view_rate,3
234,1.0435729847494553,high_view_rate,hashtag=丨賲賱丞_噩乇丕賳丿_兀賰亘乇_賵兀賵賮乇,hashtag=丨賲賱丞_噩乇丕賳丿_兀賰亘乇_賵兀賵賮乇|high_view_rate,1
236,1.0435729847494553,high_view_rate,hashtag=噩乇丕賳丿_兀賰亘乇_賵兀賵賮乇,hashtag=噩乇丕賳丿_兀賰亘乇_賵兀賵賮乇|high_view_rate,1
240,1.0435729847494553,high_view_rate,hashtag=丨賲賱丞_噩乇丕賳丿_兀賰亘乇_賵兀賵賮乇,hashtag=丨賲賱丞_噩乇丕賳丿_兀賰亘乇_賵兀賵賮乇|high_view_rate,1
241,1.0435729847494553,high_view_rate,hashtag=丨賲賱丞_噩乇丕賳丿_兀賰亘乇_賵兀賵賮乇,hashtag=丨賲賱丞_噩乇丕賳丿_兀賰亘乇_賵兀賵賮乇|high_view_rate,1
242,1.0435729847494553,high_view_rate,hashtag=丨賲賱丞_噩乇丕賳丿_兀賰亘乇_賵兀賵賮乇,hashtag=丨賲賱丞_噩乇丕賳丿_兀賰亘乇_賵兀賵賮乇|high_view_rate,1
243,1.0435729847494553,high_view_rate,hashtag=丨賲賱丞_噩乇丕賳丿_兀賰亘乇_賵兀賵賮乇,hashtag=丨賲賱丞_噩乇丕賳丿_兀賰亘乇_賵兀賵賮乇|high_view_rate,1
261,4.0,high_view_rate,hashtag=丕賱亘爻丞,hashtag=丕賱亘爻丞|high_view_rate,1
302,0.4028776978417266,avg_view_rate,hashtag=賮丕賳賷賱丕_丕賱賷賵賲_賵賰賱_賷賵賲,hashtag=賮丕賳賷賱丕_丕賱賷賵賲_賵賰賱_賷賵賲|avg_view_rate,1
303,0.4028776978417266,avg_view_rate,hashtag=毓賷丿丕賱賮胤乇丕賱賲亘丕乇賰|hashtag=賮丕賳賷賱丕_丕賱賷賵賲_賵賰賱_賷賵賲,hashtag=毓賷丿丕賱賮胤乇丕賱賲亘丕乇賰|hashtag=賮丕賳賷賱丕_丕賱賷賵賲_賵賰賱_賷賵賲|avg_view_rate,2
304,0.4028776978417266,avg_view_rate,hashtag=賮丕賳賷賱丕_丕賱賷賵賲_賵賰賱_賷賵賲,hashtag=賮丕賳賷賱丕_丕賱賷賵賲_賵賰賱_賷賵賲|avg_view_rate,1
308,0.4028776978417266,avg_view_rate,hashtag=vanilla_today_and_everyday|hashtag=frenchtoastcup,hashtag=vanilla_today_and_everyday|hashtag=frenchtoastcup|avg_view_rate,2
309,0.4028776978417266,avg_view_rate,hashtag=vanilla_today_and_everyday|hashtag=dessert|hashtag=vanilla_cake|hashtag=japanese_jelly_coffee,hashtag=vanilla_today_and_everyday|hashtag=dessert|hashtag=vanilla_cake|hashtag=japanese_jelly_coffee|avg_view_rate,4
310,0.4028776978417266,avg_view_rate,hashtag=vanilla_today_and_everyday|hashtag=dessert|hashtag=vanilla_cake|hashtag=matcha,hashtag=vanilla_today_and_everyday|hashtag=dessert|hashtag=vanilla_cake|hashtag=matcha|avg_view_rate,4
311,0.4028776978417266,avg_view_rate,hashtag=vanilla_today_and_everyday|hashtag=ginger_twist|hashtag=噩賳噩乇_鬲賵爻鬲,hashtag=vanilla_today_and_everyday|hashtag=ginger_twist|hashtag=噩賳噩乇_鬲賵爻鬲|avg_view_rate,3
312,0.4028776978417266,avg_view_rate,hashtag=vanilla_today_and_everyday,hashtag=vanilla_today_and_everyday|avg_view_rate,1
313,0.4028776978417266,avg_view_rate,hashtag=vanilla_today_and_everyday|hashtag=賮丕賳賷賱丕_丕賱賷賵賲_賵賰賱_賷賵賲,hashtag=vanilla_today_and_everyday|hashtag=賮丕賳賷賱丕_丕賱賷賵賲_賵賰賱_賷賵賲|avg_view_rate,2
315,0.4028776978417266,avg_view_rate,hashtag=ramadan2025|hashtag=ramadankareem|hashtag=vanilla_today_and_everyday|hashtag=賮丕賳賷賱丕_丕賱賷賵賲_賵賰賱_賷賵賲,hashtag=ramadan2025|hashtag=ramadankareem|hashtag=vanilla_today_and_everyday|hashtag=賮丕賳賷賱丕_丕賱賷賵賲_賵賰賱_賷賵賲|avg_view_rate,4
316,0.06690647482014389,low_view_rate,hashtag=vanilla|hashtag=賮丕賳賷賱丕_丕賱賷賵賲_賵賰賱_賷賵賲,hashtag=vanilla|hashtag=賮丕賳賷賱丕_丕賱賷賵賲_賵賰賱_賷賵賲|low_view_rate,2
317,0.17266187050359713,avg_view_rate,hashtag=賮丕賳賷賱丕,hashtag=賮丕賳賷賱丕|avg_view_rate,1
318,0.2733812949640288,avg_view_rate,hashtag=賮丕賳賷賱丕_丕賱賷賵賲_賵賰賱_賷賵賲,hashtag=賮丕賳賷賱丕_丕賱賷賵賲_賵賰賱_賷賵賲|avg_view_rate,1
319,0.5107913669064749,avg_view_rate,hashtag=賮丕賳賷賱丕_丕賱賷賵賲_賵賰賱_賷賵賲|hashtag=賮乇賳卮_鬲賵爻鬲,hashtag=賮丕賳賷賱丕_丕賱賷賵賲_賵賰賱_賷賵賲|hashtag=賮乇賳卮_鬲賵爻鬲|avg_view_rate,2
320,0.7194244604316546,high_view_rate,hashtag=賮丕賳賷賱丕_丕賱賷賵賲_賵賰賱_賷賵賲,hashtag=賮丕賳賷賱丕_丕賱賷賵賲_賵賰賱_賷賵賲|high_view_rate,1
321,0.07913669064748201,low_view_rate,hashtag=賮丕賳賷賱丕_丕賱賷賵賲_賵賰賱_賷賵賲,hashtag=賮丕賳賷賱丕_丕賱賷賵賲_賵賰賱_賷賵賲|low_view_rate,1
322,0.35251798561151076,avg_view_rate,hashtag=賮丕賳賷賱丕_丕賱賷賵賲_賵賰賱_賷賵賲,hashtag=賮丕賳賷賱丕_丕賱賷賵賲_賵賰賱_賷賵賲|avg_view_rate,1
323,0.31654676258992803,avg_view_rate,hashtag=賮丕賳賷賱丕_丕賱賷賵賲_賵賰賱_賷賵賲,hashtag=賮丕賳賷賱丕_丕賱賷賵賲_賵賰賱_賷賵賲|avg_view_rate,1
324,0.4028776978417266,avg_view_rate,hashtag=賮丕賳賷賱丕_丕賱賷賵賲_賵賰賱_賷賵賲,hashtag=賮丕賳賷賱丕_丕賱賷賵賲_賵賰賱_賷賵賲|avg_view_rate,1
325,0.4028776978417266,avg_view_rate,hashtag=賮丕賳賷賱丕_丕賱賷賵賲_賵賰賱_賷賵賲,hashtag=賮丕賳賷賱丕_丕賱賷賵賲_賵賰賱_賷賵賲|avg_view_rate,1
326,0.48201438848920863,avg_view_rate,hashtag=賮丕賳賷賱丕_丕賱賷賵賲_賵賰賱_賷賵賲,hashtag=賮丕賳賷賱丕_丕賱賷賵賲_賵賰賱_賷賵賲|avg_view_rate,1
328,0.4028776978417266,avg_view_rate,hashtag=賮丕賳賷賱丕_丕賱賷賵賲_賵賰賱_賷賵賲,hashtag=賮丕賳賷賱丕_丕賱賷賵賲_賵賰賱_賷賵賲|avg_view_rate,1
330,2.553956834532374,high_view_rate,hashtag=賮丕賳賷賱丕_丕賱賷賵賲_賵賰賱_賷賵賲|hashtag=ramadankareem|hashtag=賰賵賰賷夭,hashtag=賮丕賳賷賱丕_丕賱賷賵賲_賵賰賱_賷賵賲|hashtag=ramadankareem|hashtag=賰賵賰賷夭|high_view_rate,3
371,0.29530701754385963,avg_view_rate,hashtag=賲賰爻_丕賱賲卮丕賵賷貙,hashtag=賲賰爻_丕賱賲卮丕賵賷貙|avg_view_rate,1
375,2.675438596491228,high_view_rate,hashtag=毓賷丿_丕賱兀囟丨賶,hashtag=毓賷丿_丕賱兀囟丨賶|high_view_rate,1
379,0.29135964912280704,avg_view_rate,hashtag=賲夭丕噩_丕賱卮乇賯賷,hashtag=賲夭丕噩_丕賱卮乇賯賷|avg_view_rate,1
380,0.5614035087719298,avg_view_rate,hashtag=p=4,hashtag=p=4|avg_view_rate,1
381,0.6885964912280702,high_view_rate,hashtag=亘賵賮賷賴_廿賮胤丕乇|hashtag=賲夭丕噩_丕賱卮乇賯賷|hashtag=p=4,hashtag=亘賵賮賷賴_廿賮胤丕乇|hashtag=賲夭丕噩_丕賱卮乇賯賷|hashtag=p=4|high_view_rate,3
383,0.2700877192982456,avg_view_rate,hashtag=賲賰爻_丕賱賲卮丕賵賷|hashtag=乇賲囟丕賳|hashtag=乇賲囟丕賳佗贍佗伲|hashtag=賲卮丕賵賷|hashtag=賲胤丕毓賲|hashtag=賰丕亘賷鬲丕賱_賲賵賱,hashtag=賲賰爻_丕賱賲卮丕賵賷|hashtag=乇賲囟丕賳|hashtag=乇賲囟丕賳佗贍佗伲|hashtag=賲卮丕賵賷|hashtag=賲胤丕毓賲|hashtag=賰丕亘賷鬲丕賱_賲賵賱|avg_view_rate,6
384,0.03276315789473684,low_view_rate,hashtag=賮鬲丞_睾夭丕賵賷丞,hashtag=賮鬲丞_睾夭丕賵賷丞|low_view_rate,1
385,0.18763157894736843,avg_view_rate,hashtag=賰丕亘賷鬲丕賱_賲賵賱貙,hashtag=賰丕亘賷鬲丕賱_賲賵賱貙|avg_view_rate,1
386,7.529215358931553,high_view_rate,hashtag=丿噩丕噩|hashtag=賰賳鬲丕賰賷|hashtag=賱匕賷匕|hashtag=賷賲賷|hashtag=賮賱爻胤賷賳|hashtag=乇丕賲_丕賱賱賴|hashtag=胤賵賱賰乇賲|hashtag=噩賳賷賳|hashtag=賯賱賯賷賱賷丞|hashtag=丕賱禺賱賷賱|hashtag=賳丕亘賱爻|hashtag=亘賷鬲_賱丨賲|hashtag=丨賵丕乇丞|hashtag=丕乇賷丨丕|hashtag=鬲賵氐賷賱|hashtag=palestine|hashtag=yummy|hashtag=delicious|hashtag=follow|hashtag=like|hashtag=delivery|hashtag=鬲賵氐賷賱_胤賱亘丕鬲,hashtag=丿噩丕噩|hashtag=賰賳鬲丕賰賷|hashtag=賱匕賷匕|hashtag=賷賲賷|hashtag=賮賱爻胤賷賳|hashtag=乇丕賲_丕賱賱賴|hashtag=胤賵賱賰乇賲|hashtag=噩賳賷賳|hashtag=賯賱賯賷賱賷丞|hashtag=丕賱禺賱賷賱|hashtag=賳丕亘賱爻|hashtag=亘賷鬲_賱丨賲|hashtag=丨賵丕乇丞|hashtag=丕乇賷丨丕|hashtag=鬲賵氐賷賱|hashtag=palestine|hashtag=yummy|hashtag=delicious|hashtag=follow|hashtag=like|hashtag=delivery|hashtag=鬲賵氐賷賱_胤賱亘丕鬲|high_view_rate,22
388,5.141903171953255,high_view_rate,hashtag=丿噩丕噩|hashtag=賰賳鬲丕賰賷|hashtag=賱匕賷匕|hashtag=賷賲賷|hashtag=賮賱爻胤賷賳|hashtag=乇丕賲_丕賱賱賴|hashtag=胤賵賱賰乇賲|hashtag=噩賳賷賳|hashtag=賯賱賯賷賱賷丞|hashtag=丕賱禺賱賷賱|hashtag=賳丕亘賱爻|hashtag=亘賷鬲_賱丨賲|hashtag=丨賵丕乇丞|hashtag=丕乇賷丨丕|hashtag=鬲賵氐賷賱|hashtag=palestine|hashtag=yummy|hashtag=delicious|hashtag=follow|hashtag=like|hashtag=delivery|hashtag=鬲賵氐賷賱_胤賱亘丕鬲,hashtag=丿噩丕噩|hashtag=賰賳鬲丕賰賷|hashtag=賱匕賷匕|hashtag=賷賲賷|hashtag=賮賱爻胤賷賳|hashtag=乇丕賲_丕賱賱賴|hashtag=胤賵賱賰乇賲|hashtag=噩賳賷賳|hashtag=賯賱賯賷賱賷丞|hashtag=丕賱禺賱賷賱|hashtag=賳丕亘賱爻|hashtag=亘賷鬲_賱丨賲|hashtag=丨賵丕乇丞|hashtag=丕乇賷丨丕|hashtag=鬲賵氐賷賱|hashtag=palestine|hashtag=yummy|hashtag=delicious|hashtag=follow|hashtag=like|hashtag=delivery|hashtag=鬲賵氐賷賱_胤賱亘丕鬲|high_view_rate,22
390,0.44908180300500833,avg_view_rate,hashtag=丿噩丕噩|hashtag=賰賳鬲丕賰賷|hashtag=賱匕賷匕|hashtag=賷賲賷|hashtag=賮賱爻胤賷賳|hashtag=乇丕賲_丕賱賱賴|hashtag=胤賵賱賰乇賲|hashtag=噩賳賷賳|hashtag=賯賱賯賷賱賷丞|hashtag=丕賱禺賱賷賱|hashtag=賳丕亘賱爻|hashtag=亘賷鬲_賱丨賲|hashtag=丨賵丕乇丞|hashtag=丕乇賷丨丕|hashtag=鬲賵氐賷賱|hashtag=palestine|hashtag=yummy|hashtag=delicious|hashtag=follow|hashtag=like|hashtag=delivery|hashtag=鬲賵氐賷賱_胤賱亘丕鬲,hashtag=丿噩丕噩|hashtag=賰賳鬲丕賰賷|hashtag=賱匕賷匕|hashtag=賷賲賷|hashtag=賮賱爻胤賷賳|hashtag=乇丕賲_丕賱賱賴|hashtag=胤賵賱賰乇賲|hashtag=噩賳賷賳|hashtag=賯賱賯賷賱賷丞|hashtag=丕賱禺賱賷賱|hashtag=賳丕亘賱爻|hashtag=亘賷鬲_賱丨賲|hashtag=丨賵丕乇丞|hashtag=丕乇賷丨丕|hashtag=鬲賵氐賷賱|hashtag=palestine|hashtag=yummy|hashtag=delicious|hashtag=follow|hashtag=like|hashtag=delivery|hashtag=鬲賵氐賷賱_胤賱亘丕鬲|avg_view_rate,22
392,0.9582637729549248,high_view_rate,hashtag=丿噩丕噩|hashtag=賰賳鬲丕賰賷|hashtag=賱匕賷匕|hashtag=賷賲賷|hashtag=賮賱爻胤賷賳|hashtag=乇丕賲_丕賱賱賴|hashtag=胤賵賱賰乇賲|hashtag=噩賳賷賳|hashtag=賯賱賯賷賱賷丞|hashtag=丕賱禺賱賷賱|hashtag=賳丕亘賱爻|hashtag=亘賷鬲_賱丨賲|hashtag=丨賵丕乇丞|hashtag=丕乇賷丨丕|hashtag=鬲賵氐賷賱|hashtag=palestine|hashtag=yummy|hashtag=delicious|hashtag=follow|hashtag=like|hashtag=delivery|hashtag=鬲賵氐賷賱_胤賱亘丕鬲,hashtag=丿噩丕噩|hashtag=賰賳鬲丕賰賷|hashtag=賱匕賷匕|hashtag=賷賲賷|hashtag=賮賱爻胤賷賳|hashtag=乇丕賲_丕賱賱賴|hashtag=胤賵賱賰乇賲|hashtag=噩賳賷賳|hashtag=賯賱賯賷賱賷丞|hashtag=丕賱禺賱賷賱|hashtag=賳丕亘賱爻|hashtag=亘賷鬲_賱丨賲|hashtag=丨賵丕乇丞|hashtag=丕乇賷丨丕|hashtag=鬲賵氐賷賱|hashtag=palestine|hashtag=yummy|hashtag=delicious|hashtag=follow|hashtag=like|hashtag=delivery|hashtag=鬲賵氐賷賱_胤賱亘丕鬲|high_view_rate,22
393,0.44073455759599334,avg_view_rate,hashtag=乇賲囟丕賳|hashtag=乇賲囟丕賳_賰乇賷賲|hashtag=賰賳鬲丕賰賷|hashtag=丿噩丕噩_賰賳鬲丕賰賷|hashtag=賮賱爻胤賷賳|hashtag=palestine,hashtag=乇賲囟丕賳|hashtag=乇賲囟丕賳_賰乇賷賲|hashtag=賰賳鬲丕賰賷|hashtag=丿噩丕噩_賰賳鬲丕賰賷|hashtag=賮賱爻胤賷賳|hashtag=palestine|avg_view_rate,6
396,0.4056761268781302,avg_view_rate,hashtag=丿噩丕噩|hashtag=賰賳鬲丕賰賷|hashtag=賱匕賷匕|hashtag=賷賲賷|hashtag=賮賱爻胤賷賳|hashtag=乇丕賲_丕賱賱賴|hashtag=胤賵賱賰乇賲|hashtag=噩賳賷賳|hashtag=賯賱賯賷賱賷丞|hashtag=丕賱禺賱賷賱|hashtag=賳丕亘賱爻|hashtag=亘賷鬲_賱丨賲|hashtag=丨賵丕乇丞|hashtag=丕乇賷丨丕|hashtag=鬲賵氐賷賱|hashtag=palestine|hashtag=yummy|hashtag=delicious|hashtag=follow|hashtag=like|hashtag=delivery|hashtag=鬲賵氐賷賱_胤賱亘丕鬲,hashtag=丿噩丕噩|hashtag=賰賳鬲丕賰賷|hashtag=賱匕賷匕|hashtag=賷賲賷|hashtag=賮賱爻胤賷賳|hashtag=乇丕賲_丕賱賱賴|hashtag=胤賵賱賰乇賲|hashtag=噩賳賷賳|hashtag=賯賱賯賷賱賷丞|hashtag=丕賱禺賱賷賱|hashtag=賳丕亘賱爻|hashtag=亘賷鬲_賱丨賲|hashtag=丨賵丕乇丞|hashtag=丕乇賷丨丕|hashtag=鬲賵氐賷賱|hashtag=palestine|hashtag=yummy|hashtag=delicious|hashtag=follow|hashtag=like|hashtag=delivery|hashtag=鬲賵氐賷賱_胤賱亘丕鬲|avg_view_rate,22
398,12.487479131886477,high_view_rate,hashtag=丿噩丕噩|hashtag=賰賳鬲丕賰賷|hashtag=賱匕賷匕|hashtag=賷賲賷|hashtag=賮賱爻胤賷賳|hashtag=乇丕賲_丕賱賱賴|hashtag=胤賵賱賰乇賲|hashtag=噩賳賷賳|hashtag=賯賱賯賷賱賷丞|hashtag=丕賱禺賱賷賱|hashtag=賳丕亘賱爻|hashtag=亘賷鬲_賱丨賲|hashtag=丨賵丕乇丞|hashtag=丕乇賷丨丕|hashtag=鬲賵氐賷賱|hashtag=palestine|hashtag=yummy|hashtag=delicious|hashtag=follow|hashtag=like|hashtag=delivery|hashtag=鬲賵氐賷賱_胤賱亘丕鬲,hashtag=丿噩丕噩|hashtag=賰賳鬲丕賰賷|hashtag=賱匕賷匕|hashtag=賷賲賷|hashtag=賮賱爻胤賷賳|hashtag=乇丕賲_丕賱賱賴|hashtag=胤賵賱賰乇賲|hashtag=噩賳賷賳|hashtag=賯賱賯賷賱賷丞|hashtag=丕賱禺賱賷賱|hashtag=賳丕亘賱爻|hashtag=亘賷鬲_賱丨賲|hashtag=丨賵丕乇丞|hashtag=丕乇賷丨丕|hashtag=鬲賵氐賷賱|hashtag=palestine|hashtag=yummy|hashtag=delicious|hashtag=follow|hashtag=like|hashtag=delivery|hashtag=鬲賵氐賷賱_胤賱亘丕鬲|high_view_rate,22
399,0.3121869782971619,avg_view_rate,hashtag=丿噩丕噩|hashtag=賰賳鬲丕賰賷|hashtag=賱匕賷匕|hashtag=賷賲賷|hashtag=賮賱爻胤賷賳|hashtag=乇丕賲_丕賱賱賴|hashtag=胤賵賱賰乇賲|hashtag=噩賳賷賳|hashtag=賯賱賯賷賱賷丞|hashtag=丕賱禺賱賷賱|hashtag=賳丕亘賱爻|hashtag=亘賷鬲_賱丨賲|hashtag=丨賵丕乇丞|hashtag=丕乇賷丨丕|hashtag=鬲賵氐賷賱|hashtag=palestine|hashtag=yummy|hashtag=delicious|hashtag=follow|hashtag=like|hashtag=delivery|hashtag=鬲賵氐賷賱_胤賱亘丕鬲,hashtag=丿噩丕噩|hashtag=賰賳鬲丕賰賷|hashtag=賱匕賷匕|hashtag=賷賲賷|hashtag=賮賱爻胤賷賳|hashtag=乇丕賲_丕賱賱賴|hashtag=胤賵賱賰乇賲|hashtag=噩賳賷賳|hashtag=賯賱賯賷賱賷丞|hashtag=丕賱禺賱賷賱|hashtag=賳丕亘賱爻|hashtag=亘賷鬲_賱丨賲|hashtag=丨賵丕乇丞|hashtag=丕乇賷丨丕|hashtag=鬲賵氐賷賱|hashtag=palestine|hashtag=yummy|hashtag=delicious|hashtag=follow|hashtag=like|hashtag=delivery|hashtag=鬲賵氐賷賱_胤賱亘丕鬲|avg_view_rate,22
400,0.38731218697829717,avg_view_rate,hashtag=丿噩丕噩|hashtag=賰賳鬲丕賰賷|hashtag=賱匕賷匕|hashtag=賷賲賷|hashtag=賮賱爻胤賷賳|hashtag=乇丕賲_丕賱賱賴|hashtag=胤賵賱賰乇賲|hashtag=噩賳賷賳|hashtag=賯賱賯賷賱賷丞|hashtag=丕賱禺賱賷賱|hashtag=賳丕亘賱爻|hashtag=亘賷鬲_賱丨賲|hashtag=丨賵丕乇丞|hashtag=丕乇賷丨丕|hashtag=鬲賵氐賷賱|hashtag=palestine|hashtag=yummy|hashtag=delicious|hashtag=follow|hashtag=like|hashtag=delivery|hashtag=鬲賵氐賷賱_胤賱亘丕鬲,hashtag=丿噩丕噩|hashtag=賰賳鬲丕賰賷|hashtag=賱匕賷匕|hashtag=賷賲賷|hashtag=賮賱爻胤賷賳|hashtag=乇丕賲_丕賱賱賴|hashtag=胤賵賱賰乇賲|hashtag=噩賳賷賳|hashtag=賯賱賯賷賱賷丞|hashtag=丕賱禺賱賷賱|hashtag=賳丕亘賱爻|hashtag=亘賷鬲_賱丨賲|hashtag=丨賵丕乇丞|hashtag=丕乇賷丨丕|hashtag=鬲賵氐賷賱|hashtag=palestine|hashtag=yummy|hashtag=delicious|hashtag=follow|hashtag=like|hashtag=delivery|hashtag=鬲賵氐賷賱_胤賱亘丕鬲|avg_view_rate,22
401,1.472972972972973,high_view_rate,hashtag=55555,hashtag=55555|high_view_rate,1
402,1.9054054054054055,high_view_rate,hashtag=55555,hashtag=55555|high_view_rate,1
403,0.7313513513513513,high_view_rate,hashtag=55555,hashtag=55555|high_view_rate,1
404,1.6891891891891893,high_view_rate,hashtag=55555,hashtag=55555|high_view_rate,1
405,1.6891891891891893,high_view_rate,hashtag=55555,hashtag=55555|high_view_rate,1
406,1.6891891891891893,high_view_rate,hashtag=55555,hashtag=55555|high_view_rate,1
407,2.1621621621621623,high_view_rate,hashtag=55555,hashtag=55555|high_view_rate,1
409,0.0736196319018405,low_view_rate,hashtag=burgers,hashtag=burgers|low_view_rate,1
412,0.08588957055214724,low_view_rate,hashtag=orgadaburgers|hashtag=burgerlovers|hashtag=亘乇噩乇_賮賱爻胤賷賳,hashtag=orgadaburgers|hashtag=burgerlovers|hashtag=亘乇噩乇_賮賱爻胤賷賳|low_view_rate,3
413,0.0736196319018405,low_view_rate,hashtag=orgadaburgers|hashtag=亘乇噩乇,hashtag=orgadaburgers|hashtag=亘乇噩乇|low_view_rate,2
414,0.0736196319018405,low_view_rate,hashtag=亘乇噩乇|hashtag=乇丕賲_丕賱賱賴|hashtag=賳丕亘賱爻|hashtag=鬲賵氐賷賱,hashtag=亘乇噩乇|hashtag=乇丕賲_丕賱賱賴|hashtag=賳丕亘賱爻|hashtag=鬲賵氐賷賱|low_view_rate,4
445,6.461538461538462,high_view_rate,hashtag=丕賱賯丿爻,hashtag=丕賱賯丿爻|high_view_rate,1
446,8.923076923076923,high_view_rate,hashtag=丕賱賯丿爻|hashtag=賲胤毓賲_乇賵亘賷丕賳,hashtag=丕賱賯丿爻|hashtag=賲胤毓賲_乇賵亘賷丕賳|high_view_rate,2
453,0.4,avg_view_rate,hashtag=毓乇丕亘丞,hashtag=毓乇丕亘丞|avg_view_rate,1
454,15.68,high_view_rate,hashtag=8899,hashtag=8899|high_view_rate,1
465,0.76,high_view_rate,hashtag=賮乇賵噩_丕亘賵_丕賱毓亘丿,hashtag=賮乇賵噩_丕亘賵_丕賱毓亘丿|high_view_rate,1
471,0.1,avg_view_rate,hashtag=噩賲毓鬲賰_睾賷乇,hashtag=噩賲毓鬲賰_睾賷乇|avg_view_rate,1
472,0.5308641975308642,avg_view_rate,hashtag=卮丕賵乇賲丕_丕賱丨賱賵|hashtag=賲卮丕賵賷_睾夭丞|hashtag=賲胤丕毓賲_睾夭丞|hashtag=丕賱賳氐乇|hashtag=胤毓賲_夭賲丕賳,hashtag=卮丕賵乇賲丕_丕賱丨賱賵|hashtag=賲卮丕賵賷_睾夭丞|hashtag=賲胤丕毓賲_睾夭丞|hashtag=丕賱賳氐乇|hashtag=胤毓賲_夭賲丕賳|avg_view_rate,5
473,0.025925925925925925,low_view_rate,hashtag=丕賱賰賱_丕賳鬲亘賴|hashtag=卮丕賵乇賲丕_賵賲卮丕賵賷_丕賱丨賱賵,hashtag=丕賱賰賱_丕賳鬲亘賴|hashtag=卮丕賵乇賲丕_賵賲卮丕賵賷_丕賱丨賱賵|low_view_rate,2
474,0.03827160493827161,low_view_rate,hashtag=睾夭丞|hashtag=賲胤毓賲_丕賱丨賱賵|hashtag=賲賱賵賰_丕賱卮丕賵乇賲丕|hashtag=賲卮丕賵賷_睾夭丞|hashtag=胤毓賲_夭賲丕賳,hashtag=睾夭丞|hashtag=賲胤毓賲_丕賱丨賱賵|hashtag=賲賱賵賰_丕賱卮丕賵乇賲丕|hashtag=賲卮丕賵賷_睾夭丞|hashtag=胤毓賲_夭賲丕賳|low_view_rate,5
475,0.006395061728395062,low_view_rate,hashtag=睾夭丞|hashtag=賲胤毓賲_丕賱丨賱賵|hashtag=賲賱賵賰_丕賱卮丕賵乇賲丕|hashtag=賲卮丕賵賷_睾夭丞|hashtag=胤毓賲_夭賲丕賳,hashtag=睾夭丞|hashtag=賲胤毓賲_丕賱丨賱賵|hashtag=賲賱賵賰_丕賱卮丕賵乇賲丕|hashtag=賲卮丕賵賷_睾夭丞|hashtag=胤毓賲_夭賲丕賳|low_view_rate,5
476,0.004481481481481481,low_view_rate,hashtag=丕賱賰賱_丕賳鬲亘賴|hashtag=卮丕賵乇賲丕_賵賲卮丕賵賷_丕賱丨賱賵,hashtag=丕賱賰賱_丕賳鬲亘賴|hashtag=卮丕賵乇賲丕_賵賲卮丕賵賷_丕賱丨賱賵|low_view_rate,2
478,0.03827160493827161,low_view_rate,hashtag=噩賲毓丞賲亘丕乇賰丞|hashtag=賰賷賱賵_賲卮丕賵賷_賲卮賰賱45卮賷賰賱,hashtag=噩賲毓丞賲亘丕乇賰丞|hashtag=賰賷賱賵_賲卮丕賵賷_賲卮賰賱45卮賷賰賱|low_view_rate,2
479,0.03827160493827161,low_view_rate,hashtag=禺賱賷賰|hashtag=卮丕賵乇賲丕_賵賲卮丕賵賷_丕賱丨賱賵,hashtag=禺賱賷賰|hashtag=卮丕賵乇賲丕_賵賲卮丕賵賷_丕賱丨賱賵|low_view_rate,2
481,0.03827160493827161,low_view_rate,hashtag=卮丕賵乇賲丕_賵賲卮丕賵賷_丕賱丨賱賵,hashtag=卮丕賵乇賲丕_賵賲卮丕賵賷_丕賱丨賱賵|low_view_rate,1
482,0.03827160493827161,low_view_rate,hashtag=卮丕賵乇賲丕_丕賱丨賱賵|hashtag=賲卮丕賵賷_睾夭丞|hashtag=賲胤丕毓賲_睾夭丞|hashtag=丕賱賳氐乇|hashtag=胤毓賲_夭賲丕賳,hashtag=卮丕賵乇賲丕_丕賱丨賱賵|hashtag=賲卮丕賵賷_睾夭丞|hashtag=賲胤丕毓賲_睾夭丞|hashtag=丕賱賳氐乇|hashtag=胤毓賲_夭賲丕賳|low_view_rate,5
483,0.03827160493827161,low_view_rate,hashtag=卮丕賵乇賲丕_賵賲卮丕賵賷_丕賱丨賱賵,hashtag=卮丕賵乇賲丕_賵賲卮丕賵賷_丕賱丨賱賵|low_view_rate,1
484,0.03827160493827161,low_view_rate,hashtag=卮丕賵乇賲丕_賵賲卮丕賵賷_丕賱丨賱賵,hashtag=卮丕賵乇賲丕_賵賲卮丕賵賷_丕賱丨賱賵|low_view_rate,1
486,0.03827160493827161,low_view_rate,hashtag=馃敟馃敟|hashtag=卮丕賵乇賲丕_賵賲卮丕賵賷_丕賱丨賱賵,hashtag=馃敟馃敟|hashtag=卮丕賵乇賲丕_賵賲卮丕賵賷_丕賱丨賱賵|low_view_rate,2
488,0.03827160493827161,low_view_rate,hashtag=睾夭丞|hashtag=賲胤毓賲_丕賱丨賱賵|hashtag=賲賱賵賰_丕賱卮丕賵乇賲丕|hashtag=賲卮丕賵賷_睾夭丞|hashtag=胤毓賲_夭賲丕賳,hashtag=睾夭丞|hashtag=賲胤毓賲_丕賱丨賱賵|hashtag=賲賱賵賰_丕賱卮丕賵乇賲丕|hashtag=賲卮丕賵賷_睾夭丞|hashtag=胤毓賲_夭賲丕賳|low_view_rate,5
489,0.03827160493827161,low_view_rate,hashtag=卮丕賵乇賲丕_賵賲卮丕賵賷_丕賱丨賱賵,hashtag=卮丕賵乇賲丕_賵賲卮丕賵賷_丕賱丨賱賵|low_view_rate,1
493,0.049,low_view_rate,hashtag=cairo,hashtag=cairo|low_view_rate,1
512,0.021466666666666665,low_view_rate,hashtag=gaza|hashtag=palestine,hashtag=gaza|hashtag=palestine|low_view_rate,2
539,0.3157894736842105,avg_view_rate,hashtag=honor600,hashtag=honor600|avg_view_rate,1
542,0.6842105263157895,high_view_rate,hashtag=odoo|hashtag=odoomena|hashtag=odoocreatorsclub,hashtag=odoo|hashtag=odoomena|hashtag=odoocreatorsclub|high_view_rate,3
595,1.1666172546694338,high_view_rate,hashtag=pulsegym|hashtag=askthecoach|hashtag=gymtips|hashtag=fitlife,hashtag=pulsegym|hashtag=askthecoach|hashtag=gymtips|hashtag=fitlife|high_view_rate,4
602,5.401785714285714,high_view_rate,hashtag=newyear|hashtag=workout|hashtag=gymlife,hashtag=newyear|hashtag=workout|hashtag=gymlife|high_view_rate,3
603,1.2424107142857144,high_view_rate,hashtag=xtreme_fitness馃挭2025馃挭|hashtag=gym|hashtag=fitnessgoal,hashtag=xtreme_fitness馃挭2025馃挭|hashtag=gym|hashtag=fitnessgoal|high_view_rate,3
604,2.1441964285714286,high_view_rate,hashtag=fitnesslife|hashtag=xtreme_fitness馃挭2025馃挭|hashtag=loveyourself|hashtag=ramallah_city|hashtag=fitnessgoal|hashtag=fitnessmodel,hashtag=fitnesslife|hashtag=xtreme_fitness馃挭2025馃挭|hashtag=loveyourself|hashtag=ramallah_city|hashtag=fitnessgoal|hashtag=fitnessmodel|high_view_rate,6
605,0.6933035714285715,high_view_rate,hashtag=gym|hashtag=goals|hashtag=fitnessmodel|hashtag=ramallah_city,hashtag=gym|hashtag=goals|hashtag=fitnessmodel|hashtag=ramallah_city|high_view_rate,4
606,1.18125,high_view_rate,hashtag=xtreme_fitness馃挭2025馃挭|hashtag=gym|hashtag=fitness,hashtag=xtreme_fitness馃挭2025馃挭|hashtag=gym|hashtag=fitness|high_view_rate,3
610,0.2767534345625452,avg_view_rate,hashtag=賱賳馗丕賮丞_丕賱賲賳夭賱|hashtag=鬲毓賯賷賲|hashtag=孬賯丞|hashtag=噩賲丕賱賷丞,hashtag=賱賳馗丕賮丞_丕賱賲賳夭賱|hashtag=鬲毓賯賷賲|hashtag=孬賯丞|hashtag=噩賲丕賱賷丞|avg_view_rate,4
616,2.4222704266088213,high_view_rate,hashtag=乇賲囟丕賳|hashtag=賮毓丕賱賷丕鬲|hashtag=噩賵丕卅夭|hashtag=毓乇賵囟|hashtag=jumbo,hashtag=乇賲囟丕賳|hashtag=賮毓丕賱賷丕鬲|hashtag=噩賵丕卅夭|hashtag=毓乇賵囟|hashtag=jumbo|high_view_rate,5
617,1.7067968185104845,high_view_rate,hashtag=賮毓丕賱賷丕鬲_乇賲囟丕賳|hashtag=毓乇賵囟|hashtag=jumbo|hashtag=賲卮乇賵亘_賮賷丿丕,hashtag=賮毓丕賱賷丕鬲_乇賲囟丕賳|hashtag=毓乇賵囟|hashtag=jumbo|hashtag=賲卮乇賵亘_賮賷丿丕|high_view_rate,4
620,0.4707874682472481,avg_view_rate,hashtag=賳丕亘賱爻|hashtag=賲賳卮丕鬲|hashtag=丕亘賵_賷丨賷賶|hashtag=禺賷乇丕鬲,hashtag=賳丕亘賱爻|hashtag=賲賳卮丕鬲|hashtag=丕亘賵_賷丨賷賶|hashtag=禺賷乇丕鬲|avg_view_rate,4
623,7.790008467400508,high_view_rate,hashtag=丕亘賵_賷丨賷賶|hashtag=禺賷乇丕鬲,hashtag=丕亘賵_賷丨賷賶|hashtag=禺賷乇丕鬲|high_view_rate,2
626,1.9833134684147795,high_view_rate,hashtag=reels|hashtag=卮毓賷乇賷丞_丕賱丿噩丕噩|hashtag=賳丕亘賱爻|hashtag=丕賱禺賱賷賱|hashtag=乇丕賲_丕賱賱賴|hashtag=胤賵賱賰乇賲|hashtag=噩賳賷賳|hashtag=胤賵亘丕爻|hashtag=賯賱賯賷賱賷丞|hashtag=睾夭丞,hashtag=reels|hashtag=卮毓賷乇賷丞_丕賱丿噩丕噩|hashtag=賳丕亘賱爻|hashtag=丕賱禺賱賷賱|hashtag=乇丕賲_丕賱賱賴|hashtag=胤賵賱賰乇賲|hashtag=噩賳賷賳|hashtag=胤賵亘丕爻|hashtag=賯賱賯賷賱賷丞|hashtag=睾夭丞|high_view_rate,10
629,0.5411203814064363,avg_view_rate,hashtag=乇丕賲賳|hashtag=賰賵乇賷|hashtag=reelsinstagram,hashtag=乇丕賲賳|hashtag=賰賵乇賷|hashtag=reelsinstagram|avg_view_rate,3
632,0.1799761620977354,avg_view_rate,hashtag=鬲丕賷噩乇,hashtag=鬲丕賷噩乇|avg_view_rate,1
648,0.011555555555555555,low_view_rate,hashtag=亘乇丕賮賵|hashtag=賲賳鬲噩丕鬲_丕賱囟賷賮|hashtag=賲卮_兀賷_爻賵亘乇賲丕乇賰鬲,hashtag=亘乇丕賮賵|hashtag=賲賳鬲噩丕鬲_丕賱囟賷賮|hashtag=賲卮_兀賷_爻賵亘乇賲丕乇賰鬲|low_view_rate,3
666,0.19375259443752593,avg_view_rate,hashtag=丕賰爻亘賱賵乇|hashtag=鬲乇賳丿,hashtag=丕賰爻亘賱賵乇|hashtag=鬲乇賳丿|avg_view_rate,2
667,0.06714404317144043,low_view_rate,hashtag=ramadhkareem|hashtag=ramadh_kareem|hashtag=丕賰爻亘賱賵乇|hashtag=乇賲囟丕賳_賰乇賷賲,hashtag=ramadhkareem|hashtag=ramadh_kareem|hashtag=丕賰爻亘賱賵乇|hashtag=乇賲囟丕賳_賰乇賷賲|low_view_rate,4
668,0.07440846824408469,low_view_rate,hashtag=亘賰|hashtag=丕賰爻亘賱賵乇,hashtag=亘賰|hashtag=丕賰爻亘賱賵乇|low_view_rate,2
670,0.30666251556662516,avg_view_rate,hashtag=supermarket25st,hashtag=supermarket25st|avg_view_rate,1
671,0.08852220838522208,avg_view_rate,hashtag=supermarket25st,hashtag=supermarket25st|avg_view_rate,1
673,0.3089456205894562,avg_view_rate,hashtag=賱賵鬲爻|hashtag=賰賳匕乇|hashtag=賮賷乇賷乇賵_乇賵卮賷賴|hashtag=丕賵乇賷賵|hashtag=supermarket25st,hashtag=賱賵鬲爻|hashtag=賰賳匕乇|hashtag=賮賷乇賷乇賵_乇賵卮賷賴|hashtag=丕賵乇賷賵|hashtag=supermarket25st|avg_view_rate,5
